p_id,facebook_u_id,message,place
2069728436426027_1046061338792747,2069728436426027,NULL,NULL
2069728436426027_1356221321110079,2069728436426027,NULL,NULL
2069728436426027_1425223534209857,2069728436426027,NULL,NULL
2069728436426027_1425224140876463,2069728436426027,NULL,NULL
2069728436426027_1641381335927408,2069728436426027,"Hallo alle, 
ich bin auf der Suche nach einer netten Bleibe in Münster. Falls ihr jemanden kennt, der jemanden kennt ... der ein WG-Zimmer frei hat, würde ich mich über eine Privatnachricht freuen! :)",NULL
2069728436426027_362182720513949,2069728436426027,"Sonne, über 30 Grad und Meer. Bestes Leben.",NULL
2069728436426027_379700228762198,2069728436426027,NULL,NULL
2069728436426027_386676618064559,2069728436426027,Yeahooo!,NULL
2069728436426027_389750761090478,2069728436426027,NULL,NULL
2069728436426027_389759977756223,2069728436426027,NULL,NULL
2069728436426027_400071630058391,2069728436426027,NULL,NULL
2069728436426027_434816236566730,2069728436426027,NULL,NULL
2069728436426027_503910083007878,2069728436426027,"Sonne genießen! :-)",NULL
2069728436426027_512979388767614,2069728436426027,NULL,NULL
2069728436426027_518902191508667,2069728436426027,NULL,NULL
2069728436426027_519296631469223,2069728436426027,NULL,NULL
2069728436426027_543526959046190,2069728436426027,"Besser spät als nie!",NULL
2069728436426027_544445108954375,2069728436426027,<3!,NULL
2069728436426027_558908007508085,2069728436426027,"Hat wer eine Ps3 zu verleihen oder zu verkaufen?",NULL
2069728436426027_583760541689498,2069728436426027,NULL,NULL
2069728436426027_614109471987938,2069728436426027,NULL,NULL
2069728436426027_760357467363137,2069728436426027,NULL,NULL
2069728436426027_760360134029537,2069728436426027,NULL,NULL
2069728436426027_826706710728212,2069728436426027,NULL,NULL
2069728436426027_907859832612899,2069728436426027,NULL,NULL
